{
    "setKey": {
        "key": "!",
        "status": false
    },
    "autoJoin": {
        "status": true,
        "ticket": false,
        "message": "Thx for Invite Me @! \nᴍᴇɴᴇʀɪᴍᴀ ᴊᴀꜱᴀ ᴘʀᴏᴛᴇᴄᴛ ɢʀᴜᴘ\n\nMinat??\nChat http://line.me/ti/p/~gepengcharlez",
        "reply": true
    },
    "restartPoint": {},
    "restartBot": {},
    "userAgent": {},
    "keyCommand": "",
    "autoAdd": true,
    "autoJoin": true,
    "autoReject": false,
    "autoLeave": false,
    "autoRead": false,
    "server": {},
    "changePicture": false,
    "changeGroupPicture": false,
    "autoJoinTicket": true,
    "Img": {},
    "Images": {},
    "Addimage": false,
    "SKAdmin": {},
    "SKGfoto": {},
    "SKSDadmin": false,
    "SKSDstaff": false,
    "SKSadmin": false,
    "SKSstaff": false,
    "SKStaff": {},
    "SKautojoin": true,
    "SKautoread": false,
    "SKautoscan": false,
    "SKblacklist": {},
    "SKdblacklist": false,
    "SKfoto": {},
    "SKgreet": {},
    "SKlimit": 1,
    "SKmessage": "Hallo...",
    "SKmessage1": "ᴍᴇɴᴇʀɪᴍᴀ ᴊᴀꜱᴀ ᴘʀᴏᴛᴇᴄᴛ ɢʀᴜᴘ\n\nMinat??\nChat http://line.me/ti/p/~gepengcharlez",
    "SKprotcancel": {},
    "SKprotinvite": {},
    "SKprotkick": {},
    "SKprotqr": {},
    "SKreadMember": {},
    "SKreadPoint": {},
    "SKwblacklist": false,
    "restartPoint": null
}
